Type,Name,Request Count,Failure Count,Median Response Time,Average Response Time,Min Response Time,Max Response Time,Average Content Size,Requests/s,Failures/s,50%,66%,75%,80%,90%,95%,98%,99%,99.9%,99.99%,100%
POST,carts:create,20,0,48,41.414345006342046,11.404200049582869,54.126800037920475,182.0,0.11204721815884591,0.0,48,50,52,53,54,54,54,54,54,54,54
POST,orders:create,440,0,46,46.40271091061136,43.360000010579824,64.91230003302917,184.41590909090908,2.4650387994946104,0.0,46,47,47,48,48,49,50,52,65,65,65
GET,orders:list,238,0,12,14.043241177495773,9.050099994055927,313.5143999825232,256796.24789915967,1.3333618960902665,0.0,12,12,14,14,17,20,31,35,310,310,310
POST,payments:create,218,0,48,48.13273899271068,44.7711999877356,57.124100043438375,189.82110091743118,1.2213146779314206,0.0,48,49,49,49,50,52,55,56,57,57,57
GET,products:detail,714,0,4,4.502901542313523,2.882800006773323,10.081299988087267,232.26610644257704,4.000085688270799,0.0,4,5,5,5,5,6,7,8,10,10,10
GET,products:list,1215,0,5,4.992889876069248,3.0371000175364316,39.5765999564901,1055.0,6.8068685031498894,0.0,5,5,5,5,6,7,8,10,27,40,40
POST,users:create,20,0,26,34.25055999541655,19.93070001481101,70.70169999497011,446.0,0.11204721815884591,0.0,26,29,61,61,69,71,71,71,71,71,71
,Aggregated,2865,0,5,15.723264328794096,2.882800006773323,313.5143999825232,21884.905410122163,16.050764001254677,0.0,5,8,18,45,47,48,50,52,69,310,310
